CandidateID,exper,incent,ticket,member,earning fm,depend,work,Graduate,language_sorted,detected_languages,sentiment,CV_Score_1_to_5,Performance
EMP0669,5,15000,1000000,1,1,1,1,1,1,"['English', 'Hindi', 'Telugu']",1,4.221938523,0
EMP0273,1.5,8000,125000,3,2,4,1,1,1,"['English', 'Tamil']",1,3.832907785,1
EMP0300,4.5,2000,2000000,3,1,2,1,0.08,1,"['English', 'Tamil']",1,3.555863781,1
EMP0100,4.5,15000,2000000,3,2,3,1,0.43,-1,[],1,2.237820118,1
EMP0319,1,0,0,3,1,3,1,0.43,1,"['English', 'Tamil']",1,2.572464781,0
EMP0110,10,5000,125000,1,1,3,1,0.43,-1,[],1,2.972372735,0
EMP0034,2,15000,2000000,5,3,3,1,1,1,"['English', 'Hindi']",1,4.344802473,1
EMP0918,6.5,15000,1200000,3,,2,1,1,1,"['English', 'Hindi', 'Telugu']",1,3.555863781,0
EMP0235,2,15000,2000000,3,2,2,1,0.43,1,"['English', 'Tamil']",1,2.572464781,0
EMP0582,3,8000,2000000,5,0,4,1,1,-1,[],1,2.183434043,0
EMP0689,3,15000,2000000,5,2,5,1,1,-1,[],1,3.86553943,1
EMP0426,2,8000,125000,3,0,3,1,1,1,"['English', 'Hindi', 'Telugu']",1,2.572464781,1
EMP0268,7,8000,2000000,1,1,1,1,0.43,-1,[],1,3.166833042,0
EMP0124,9,15000,1000000,3,1,2,1,1,0,['English'],1,2.572464781,0
EMP0230,15,0,125000,3,1,3,0.5,1,-1,[],-1,3.329991269,1
EMP0206,2.5,5000,1000000,5,2,0,1,1,1,"['English', 'Tamil']",1,3.166833042,1
EMP0174,6,15000,0,3,20000,2,1,1,-1,[],1,3.86553943,0
EMP0593,6,15000,400000,3,0,3,1,1,1,"['English', 'Telugu']",1,3.166833042,0
EMP0548,5,5000,1000000,5,3,3,1,0.43,1,"['English', 'Tamil']",1,3.832907785,0
EMP0448,5,5000,25000,3,1,4,1,0.43,1,"['English', 'Hindi']",1,3.854662215,1
EMP0407,8,5000,125000,3,1,3,1,0.43,1,"['English', 'Hindi']",1,2.183434043,1
EMP0659,7,15000,400000,3,0,3,1,1,1,"['English', 'Hindi', 'Kannada', 'Marathi', 'Telugu']",1,3.555863781,0
EMP0677,3,5000,1000000,5,2,4,1,1,1,"['English', 'Kannada']",1,3.166833042,1
EMP0781,0,5000,400000,5,,2,1,1,1,"['English', 'Hindi', 'Telugu']",1,4.221938523,1
EMP0251,3,5000,400000,3,1,3,1,1,1,"['English', 'Tamil']",1,3.577618211,0
EMP0683,5,15000,1000000,3,3,1,1,0.43,1,"['English', 'Hindi']",1,3.838671374,0
EMP0745,5.083333333,5000,25000,1,,2,1,1,-1,[],1,4.243692953,0
EMP0117,7,15000,2000000,3,0,5,1,1,1,"['English', 'Hindi', 'Gujarati']",1,2.183434043,0
EMP0705,8,8000,1000000,1,1,2,0.5,1,1,"['English', 'Hindi', 'Marathi']",1,3.166833042,1
EMP0578,4,5000,2000000,1,1,1,1,1,1,"['English', 'Hindi']",1,3.166833042,0
EMP0477,6,15000,2000000,3,1,2,1,0.43,1,"['English', 'Hindi']",1,3.199464688,0
EMP0368,5,5000,125000,1,0,2,1,0.08,1,"['English', 'Tamil']",1,3.166833042,0
EMP0313,10,0,0,3,0,5,1,0.43,-1,[],0,3.166833042,0
EMP0597,4,8000,125000,3,0,4,1,1,1,"['English', 'Hindi', 'Telugu', 'Urdu']",1,2.849508785,1
EMP0688,1,15000,125000,3,2,2,1,1,-1,[],1,3.166833042,1
EMP0118,4,15000,2000000,5,2,5,1,0.43,1,"['English', 'Tamil']",1,3.210341903,0
EMP0712,,15000,1200000,3,,0,,0,1,"['English', 'Hindi']",0,3.166833042,0
EMP0191,3,8000,2000000,5,35000,3,1,0.43,1,"['English', 'Tamil']",1,3.555863781,0
EMP0428,8,8000,2000000,1,2,2,1,1,1,"['English', 'Telugu']",1,3.166833042,0
EMP0626,3,8000,125000,3,1,3,1,1,-1,[],1,2.531504926,1
EMP0180,4,15000,2000000,5,2,3,1,0.43,1,"['English', 'Tamil']",1,3.944894519,1
EMP0207,1,15000,125000,3,2,3,1,0.43,1,"['English', 'Tamil']",1,3.555863781,0
EMP0032,1.5,5000,2000000,3,2,3,1,1,1,"['English', 'Hindi']",1,3.238539523,1
EMP0604,4,8000,400000,3,1,3,1,1,1,"['English', 'Hindi', 'Sanskrit']",1,3.166833042,0
EMP0563,11,15000,400000,5,1,5,1,0.43,1,"['English', 'Hindi', 'Marathi']",1,2.920535665,0
EMP0577,2,15000,125000,5,1,0,1,1,1,['Hindi'],1,4.610969262,0
EMP0897,,15000,1200000,3,,2,,0,-1,[],1,3.166833042,1
EMP0771,0,2000,400000,3,,2,,0,1,"['English', 'Hindi', 'Gujarati']",1,2.248697333,0
EMP0025,10,15000,2000000,3,1,3,1,1,1,"['Hindi', 'Marathi']",1,2.183434043,1
EMP0670,3.5,15000,1000000,5,1,2,1,1,1,"['English', 'Hindi', 'Kashmiri']",1,2.205188473,0
EMP0889,0,8000,1200000,5,,2,,0,1,"['English', 'Hindi', 'Gujarati']",1,3.166833042,0
EMP0635,2.5,15000,2000000,5,0,5,1,1,1,"['English', 'Hindi', 'Marathi']",1,3.555863781,1
EMP0074,3,8000,400000,3,1,2,1,1,-1,[],1,3.372280688,0
EMP0785,4.833333333,15000,1200000,3,,2,1,1,1,"['English', 'Telugu']",1,4.610969262,1
EMP0227,0,0,0,3,2,1,1,0.08,1,"['English', 'Tamil']",1,3.832907785,0
EMP0687,2,8000,2000000,3,2,2,1,1,1,"['English', 'Hindi', 'Telugu']",1,3.832907785,1
EMP0805,1.833333333,5000,1200000,3,,3,1,1,1,"['English', 'Hindi']",1,3.832907785,0
EMP0149,0,0,0,5,1,4,1,1,1,"['English', 'Hindi', 'Telugu']",1,4.221938523,1
EMP0429,3,8000,1000000,5,6,5,1,1,1,"['English', 'Hindi', 'Gujarati']",1,3.166833042,0
EMP0868,,5000,1200000,5,,3,,0,0,['English'],1,2.572464781,1
EMP0596,10,15000,2000000,5,2,3,1,1,-1,[],1,2.183434043,0
EMP0778,3.666666667,15000,400000,3,,1,1,1,1,"['English', 'Hindi', 'Gujarati']",1,2.194311258,1
EMP0050,5,8000,125000,5,25,2,1,0.43,1,"['English', 'Hindi', 'Marathi']",1,3.166833042,0
EMP0800,4.5,8000,1200000,5,,2,1,0.43,1,"['English', 'Hindi', 'Gujarati']",1,3.166833042,0
EMP0783,,0,125000,3,,1,,0,1,"['English', 'Kannada', 'Tamil']",1,3.555863781,1
EMP0140,2.5,0,25000,3,1,3,1,1,1,"['English', 'Hindi', 'Marathi']",1,3.166833042,0
EMP0616,5,5000,1000000,3,0,2,1,0.43,-1,[],0,2.183434043,0
EMP0007,5,15000,125000,1,4,5,1,0.43,1,"['English', 'Hindi']",1,3.199464688,1
EMP0554,4,5000,25000,5,3,0,1,1,1,"['English', 'Hindi']",1,2.183434043,0
EMP0335,1,5000,25000,3,1,3,1,0.43,1,"['English', 'Malayalam', 'Tamil']",1,4.221938523,0
EMP0446,8,5000,25000,5,2,3,0.5,1,1,"['English', 'Hindi']",1,3.166833042,0
EMP0435,6,5000,2000000,3,1,3,0.5,1,-1,[],1,3.166833042,1
EMP0620,11,0,1000000,5,0,4,0.5,1,1,"['English', 'Hindi', 'Gujarati']",1,3.944894519,1
EMP0606,6,15000,25000,5,1,5,1,1,1,"['English', 'Hindi']",1,2.183434043,0
EMP0746,0,5000,1200000,1,,2,1,1,1,"['English', 'Hindi', 'Marathi']",1,3.832907785,0
EMP0256,7,5000,2000000,3,0,3,1,1,1,"['English', 'Tamil']",1,4.221938523,1
EMP0823,,8000,1200000,5,,1,,0,1,"['English', 'Hindi']",1,3.555863781,1
EMP0311,3,5000,125000,1,2,1,1,1,1,"['English', 'Tamil']",1,4.221938523,0
EMP0761,,8000,400000,5,,1,,0,1,"['English', 'Hindi']",1,3.832907785,0
EMP0363,2,5000,1000000,5,3,0,1,1,1,"['English', 'Hindi', 'Telugu']",1,4.610969262,0
EMP0125,3,15000,1000000,3,1,3,1,1,1,"['English', 'Kannada', 'Telugu']",1,3.832907785,1
EMP0001,4,5000,0,3,1,2,1,0.43,1,"['English', 'Hindi']",1,2.849508785,0
EMP0090,8.5,15000,0,5,0,4,1,0.43,1,"['English', 'Hindi', 'Kannada']",1,3.832907785,0
EMP0881,5.166666667,15000,1200000,1,,2,,0,1,"['English', 'Hindi']",1,3.555863781,1
EMP0146,7,15000,25000,5,2,2,1,1,1,"['English', 'Hindi']",1,3.832907785,1
EMP0272,5,5000,2000000,3,2,2,1,1,1,"['English', 'Tamil']",1,3.166833042,0
EMP0010,8,15000,2000000,5,0,5,1,1,1,"['English', 'Hindi', 'Gujarati']",1,3.832907785,0
EMP0358,9,15000,2000000,5,2,3,,1,1,"['English', 'Hindi']",1,3.832907785,1
EMP0373,5,15000,1000000,3,0,2,1,1,1,"['English', 'Hindi']",1,3.555863781,0
EMP0845,0,15000,1200000,5,,2,1,1,1,"['English', 'Hindi', 'Kannada', 'Telugu']",1,3.238539523,1
EMP0625,9,15000,1000000,5,2,3,1,1,1,"['English', 'Hindi']",1,2.248697333,0
EMP0665,6,15000,1000000,3,1,2,1,0.43,1,"['English', 'Hindi']",1,2.248697333,1
EMP0754,,15000,1200000,1,,4,,0,1,"['English', 'Hindi']",1,3.166833042,0
EMP0533,1,5000,1000000,5,1,1,1,0.43,1,"['English', 'Hindi']",1,3.238539523,0
EMP0427,3,5000,2000000,5,10000,5,1,1,1,"['English', 'Hindi', 'Gujarati']",1,3.210341903,0
EMP0054,6,5000,0,5,6,5,1,1,1,"['English', 'Tamil']",1,3.832907785,0
EMP0208,7,5000,125000,5,2,0,1,0.08,1,"['English', 'Tamil']",1,3.166833042,0
EMP0594,6,15000,1000000,1,2,1,0.5,1,-1,[],1,3.166833042,0
EMP0249,2,15000,125000,3,3,2,1,0.43,1,"['English', 'Tamil']",1,2.849508785,0
EMP0729,0,15000,400000,5,,1,1,1,1,"['English', 'Hindi']",1,3.166833042,1
EMP0708,0,2000,1200000,3,,4,1,1,1,"['English', 'Hindi', 'Telugu']",1,2.96149552,0
EMP0686,7,5000,2000000,5,2,4,1,0.43,1,"['English', 'Telugu']",1,3.238539523,0
EMP0199,6,5000,1000000,5,2,4,1,1,-1,[],1,3.166833042,1
EMP0572,0,0,0,5,1,3,1,1,0,"['English', 'Hindi']",1,3.832907785,0
EMP0069,3,15000,400000,3,2,1,1,1,1,"['English', 'Hindi']",1,3.944894519,1
EMP0828,3.166666667,5000,1200000,3,,3,1,1,-1,[],1,3.122497172,0
EMP0387,7,8000,0,5,1,4,1,0.43,1,"['English', 'Hindi']",1,3.166833042,0
EMP0055,10,15000,2000000,3,1,0,1,0.43,1,"['English', 'Hindi']",1,2.226942903,1
EMP0628,5,8000,400000,3,1,2,1,1,1,"['English', 'Kannada']",1,3.555863781,0
EMP0923,0,15000,1200000,5,,4,1,1,1,"['English', 'Hindi', 'Kannada']",1,2.572464781,1
EMP0662,4,5000,2000000,1,1,0,1,0.43,1,"['English', 'Hindi', 'Telugu']",1,4.610969262,0
EMP0524,4.7,15000,1000000,5,500000,2,1,0.43,-1,[],1,2.216065688,0
EMP0674,5,15000,400000,3,1,1,1,1,1,"['English', 'Hindi', 'Telugu']",1,3.577618211,0
EMP0811,0,5000,1200000,3,,2,1,1,1,['English'],1,3.555863781,1
EMP0587,5.5,5000,2000000,5,1,3,1,0.43,-1,[],1,3.566740996,1
EMP0084,5,5000,1000000,1,1,2,1,1,1,"['English', 'Hindi', 'Marathi']",1,3.166833042,1
EMP0301,5,15000,400000,3,1,4,1,0.08,1,"['English', 'Tamil']",1,3.264727978,0
EMP0091,4,5000,2000000,3,2,4,1,0.43,-1,[],1,3.843785,1
EMP0421,3,15000,2000000,5,3,1,1,0.43,1,"['English', 'Hindi']",1,2.96149552,1
EMP0733,,15000,1200000,3,,3,,0,1,"['English', 'Hindi', 'Kannada', 'Tamil', 'Telugu']",1,2.572464781,1
EMP0013,1,5000,400000,3,0,4,1,1,1,"['English', 'Hindi']",1,3.555863781,0
EMP0222,5,5000,125000,3,1,3,1,0.43,1,"['English', 'Tamil']",1,3.314680029,0
EMP0487,1,15000,2000000,3,1,3,1,0.43,1,"['English', 'Hindi']",1,4.243692953,1
EMP0615,3,5000,400000,3,4,0,1,0.43,1,"['English', 'Hindi', 'Assamese', 'Bengali']",1,2.183434043,0
EMP0608,5,5000,125000,3,2,3,1,1,0,"['English', 'Hindi', 'Marathi']",1,2.849508785,0
EMP0924,0,15000,1200000,5,,3,,0,1,"['English', 'Tamil']",1,2.849508785,1
EMP0877,,5000,25000,5,,4,,0,1,"['English', 'Hindi', 'Gujarati', 'Marathi']",1,2.925649291,0
EMP0750,,15000,1200000,5,,2,,0,1,"['English', 'Hindi', 'Marathi']",1,3.210341903,0
EMP0725,5.916666667,2000,1200000,3,,2,1,1,1,"['English', 'Hindi', 'Marathi']",1,3.832907785,0
EMP0181,16,8000,400000,1,0,2,1,1,1,"['English', 'Kannada', 'Tamil']",1,3.832907785,1
EMP0334,8,2000,125000,3,2,2,1,1,1,"['English', 'Hindi', 'Malayalam', 'Sanskrit']",1,3.555863781,1
EMP0779,,2000,1200000,5,,0,,0,1,"['English', 'Hindi', 'Punjabi']",-1,2.96149552,0
EMP0296,6,15000,125000,1,1,2,1,1,1,"['English', 'Tamil']",1,2.194311258,0
EMP0511,10,15000,1000000,5,1,5,1,1,1,"['English', 'Hindi', 'Marathi']",1,2.572464781,0
EMP0535,2,2000,25000,5,3,3,0.5,1,1,"['English', 'Hindi', 'Punjabi']",1,3.166833042,0
EMP0485,5,5000,400000,5,3,2,1,0.43,-1,[],1,3.838671374,0
EMP0011,2,15000,2000000,5,0,5,1,1,-1,[],1,3.166833042,0
EMP0809,7.4725,2000,400000,5,,4,1,1,1,"['English', 'Hindi']",1,4.461237255,0
EMP0912,,15000,1200000,3,,2,,0,1,"['English', 'Hindi', 'Kannada', 'Konkani']",1,2.88214043,0
EMP0061,7,5000,1000000,5,0,5,1,1,-1,[],1,3.555863781,1
EMP0410,7,15000,2000000,3,1,2,1,0.43,-1,[],1,2.183434043,0
EMP0499,5,8000,400000,5,1,1,1,1,-1,[],1,2.498873281,1
EMP0292,4,15000,400000,3,2,0,1,1,1,"['English', 'Hindi', 'Tamil', 'Telugu']",1,2.183434043,0
EMP0858,13.08333333,0,0,3,,2,1,0.43,1,"['English', 'Tamil']",1,2.226942903,0
EMP0522,3.8,5000,400000,1,0,2,1,0.43,1,"['English', 'Telugu']",1,3.832907785,1
EMP0602,3.5,5000,0,3,2,3,1,1,1,"['English', 'Hindi', 'Gujarati']",1,3.555863781,0
EMP0575,5,8000,125000,3,1,2,1,1,1,"['English', 'Hindi', 'Assamese']",1,3.166833042,0
EMP0170,5,15000,2000000,1,1,2,1,1,1,"['English', 'Tamil']",1,3.166833042,1
EMP0667,3,0,1000000,5,3,2,1,0.03,1,"['English', 'Hindi']",1,3.832907785,0
EMP0583,0,0,0,5,0,4,1,1,1,"['English', 'Telugu']",1,3.627570262,1
EMP0333,2.3,5000,1000000,1,1,1,1,1,1,"['English', 'Hindi', 'Kannada', 'Malayalam', 'Tamil']",1,2.96149552,0
EMP0341,4,15000,2000000,5,0,4,1,1,1,"['English', 'Hindi']",1,3.849548589,0
EMP0342,3,15000,125000,3,2,2,1,0.08,1,"['English', 'Tamil']",1,3.143193593,0
EMP0536,1,15000,1000000,3,2,2,1,0.03,1,"['English', 'Telugu']",1,3.166833042,1
EMP0176,2,15000,1000000,5,5,5,1,1,1,"['English', 'Kannada']",1,2.849508785,1
EMP0008,4,8000,2000000,5,3,4,1,0.43,1,"['English', 'Hindi', 'Marathi']",1,2.183434043,0
EMP0762,3.5,15000,400000,3,,2,,0,-1,[],1,3.832907785,0
EMP0323,1.5,15000,125000,5,2,4,1,0.43,-1,[],1,2.626850857,1
EMP0242,6,8000,1000000,3,3,2,1,0.43,1,"['English', 'Tamil']",1,2.572464781,0
EMP0361,5,8000,2000000,3,0,3,1,1,0,['Sanskrit'],1,3.832907785,0
EMP0537,2.8,0,1000000,3,1,2,1,0.43,1,"['English', 'Hindi', 'Bengali']",1,3.166833042,0
EMP0751,0,8000,1200000,5,,2,1,1,1,"['English', 'Hindi', 'Marathi']",1,3.555863781,0
EMP0654,4,8000,2000000,3,0,4,1,1,1,"['English', 'Hindi', 'Telugu']",1,4.610969262,1
EMP0504,3,5000,2000000,5,3,2,1,1,1,"['English', 'Hindi']",1,2.994127165,0
EMP0006,1,0,125000,3,1,1,1,0.43,1,"['English', 'Hindi']",1,3.555863781,0
EMP0607,2,5000,25000,5,0,4,1,1,1,"['English', 'Tamil']",1,2.849508785,0
EMP0925,4.833333333,15000,1200000,3,,3,1,1,1,"['English', 'Kannada', 'Telugu']",1,2.849508785,0
EMP0749,0,2000,0,3,,4,1,1,1,"['English', 'Hindi']",1,3.944894519,0
EMP0685,5,5000,25000,5,0,5,1,1,1,"['English', 'Hindi']",1,2.849508785,0
EMP0882,,5000,1200000,3,,1,,0,1,"['English', 'Hindi']",1,2.990912581,0
EMP0348,1,5000,125000,3,1,2,1,1,1,"['English', 'Hindi', 'Bengali']",1,4.221938523,0
EMP0473,1.5,15000,25000,1,1,1,0.5,1,1,"['English', 'Kannada']",1,4.333925258,0
EMP0498,0,0,0,3,4,3,1,1,-1,[],0,1,0
EMP0728,,8000,25000,5,,2,,0,1,"['English', 'Hindi']",1,2.301610651,1
EMP0656,6,15000,2000000,3,0,2,1,1,1,"['English', 'Hindi', 'Marathi']",-1,3.210341903,0
EMP0545,8,8000,1000000,3,3,2,1,1,1,"['English', 'Hindi', 'Assamese']",1,3.555863781,0
EMP0143,5,5000,2000000,5,2,0,1,1,1,"['English', 'Hindi']",0,3.555863781,1
EMP0297,1.5,15000,1000000,1,1,1,1,0.43,1,"['English', 'Kannada', 'Tamil']",1,2.96149552,1
EMP0164,10,0,2000000,5,1,5,,0.08,1,"['English', 'Bengali']",1,3.166833042,0
EMP0062,0,0,0,3,1,2,1,0.43,-1,[],1,3.660201907,0
EMP0265,6,5000,400000,3,1,3,1,1,-1,[],1,3.166833042,0
EMP0592,20,15000,2000000,3,0,3,1,0.03,1,"['English', 'Hindi', 'Bengali']",1,2.96149552,0
EMP0864,,15000,1200000,5,,5,,0,1,"['English', 'Hindi']",1,3.854662215,1
EMP0846,,15000,400000,1,,2,,0,1,"['English', 'Hindi']",1,2.183434043,1
EMP0416,6,5000,1000000,5,3,2,1,1,1,"['English', 'Hindi']",1,3.238539523,0
EMP0642,5,8000,1000000,5,3,2,1,1,1,"['English', 'Hindi']",1,3.898171075,1
EMP0377,2,15000,25000,3,1,3,1,0.03,1,"['English', 'Hindi']",1,3.166833042,0
EMP0099,5,5000,400000,5,2,4,1,0.43,1,"['English', 'Hindi', 'Telugu']",1,2.572464781,1
EMP0213,3,0,25000,1,1,2,1,1,1,"['English', 'Tamil']",1,2.183434043,0
EMP0102,7,15000,1000000,5,3,2,1,1,1,"['English', 'Hindi']",1,4.613502651,1
EMP0114,1,5000,400000,3,2,3,1,0.43,1,"['English', 'Tamil']",1,3.264727978,0
EMP0649,4,15000,2000000,3,3,1,1,0.43,1,"['English', 'Hindi']",1,3.210341903,1
EMP0732,,5000,1200000,5,,5,,0,1,"['English', 'Hindi']",1,3.166833042,0
EMP0698,4,5000,125000,5,3,3,1,1,1,"['English', 'Hindi', 'Marathi']",1,3.166833042,0
EMP0814,1.25,5000,1200000,5,,2,1,1,1,"['English', 'Hindi']",1,2.194311258,0
EMP0636,1,5000,25000,3,30000,2,1,0.08,1,"['English', 'Hindi', 'Telugu']",1,3.555863781,0
EMP0727,3.3725,0,25000,5,,1,1,1,-1,[],1,3.832907785,0
EMP0475,0,5000,0,3,1,3,1,1,1,"['English', 'Hindi']",1,3.177710258,0
EMP0447,2,5000,1000000,1,1,2,1,1,1,"['English', 'Hindi', 'Kannada']",1,3.166833042,1
EMP0467,4,15000,400000,5,2,5,1,0.43,1,"['English', 'Hindi', 'Marathi']",1,2.183434043,0
EMP0697,9,15000,2000000,3,0,2,1,1,1,"['English', 'Hindi', 'Punjabi']",1,2.183434043,1
EMP0516,7,8000,2000000,5,1,3,1,1,1,"['English', 'Hindi']",1,3.555863781,0
EMP0409,1.7,15000,2000000,3,0,3,,1,1,"['English', 'Hindi', 'Marathi']",1,3.660201907,1
EMP0092,10,8000,25000,5,1,4,1,0.43,1,['Punjabi'],1,3.627570262,1
EMP0380,7,15000,400000,5,2,1,1,1,1,"['English', 'Hindi']",1,3.555863781,1
EMP0058,10,15000,1000000,5,1,4,1,1,1,"['English', 'Tamil']",1,3.238539523,1
EMP0021,6,15000,125000,5,3,3,1,0.43,1,"['English', 'Hindi', 'Kannada']",1,2.849508785,0
EMP0479,3,8000,25000,3,2,1,1,1,1,"['English', 'Hindi']",1,2.183434043,1
EMP0386,12,15000,25000,3,1,0,1,1,-1,[],1,2.97492174,0
EMP0053,1,5000,0,5,8,3,1,1,1,"['English', 'Hindi', 'Marathi']",1,2.183434043,0
EMP0267,4,15000,1000000,3,7000,3,1,0.43,1,"['English', 'Tamil']",0,2.572464781,1
EMP0646,2,15000,1000000,5,2,3,1,1,1,"['English', 'Hindi', 'Telugu']",1,2.849508785,0
EMP0663,1,2000,400000,3,1,1,1,1,1,"['English', 'Telugu']",1,3.555863781,0
EMP0684,3,15000,2000000,3,50000,2,1,1,1,"['English', 'Tamil']",1,3.222548682,1
EMP0229,10,15000,2000000,3,0,2,1,0.08,1,"['English', 'Tamil']",1,3.944894519,0
EMP0807,,5000,400000,5,,5,,0,1,"['English', 'Hindi', 'Gujarati']",1,2.183434043,1
EMP0338,5,5000,25000,5,5,2,1,1,1,"['English', 'Hindi', 'Malayalam']",1,3.555863781,0
EMP0261,4,15000,125000,3,1,2,1,0.43,1,"['English', 'Tamil']",1,2.183434043,0
EMP0827,0,15000,0,5,,5,,0,-1,[],1,3.555863781,1
EMP0395,7,5000,1000000,3,2,2,1,0.43,1,"['English', 'Hindi', 'Marathi']",1,3.012667011,0
EMP0840,,15000,400000,3,,1,,0,1,"['English', 'Hindi', 'Kannada']",1,3.238539523,1
EMP0871,0,15000,1200000,5,,4,,0,1,"['English', 'Hindi', 'Marathi']",0,3.166833042,0
EMP0637,2.6,15000,25000,5,2,4,1,1,1,"['English', 'Hindi', 'Telugu']",1,3.166833042,1
EMP0818,,5000,400000,3,,2,,0,1,"['English', 'Hindi']",1,3.166833042,0
EMP0339,7,5000,125000,3,1,1,1,1,1,"['English', 'Malayalam']",1,3.832907785,0
EMP0393,3,15000,2000000,3,1,3,,0.08,1,"['English', 'Malayalam', 'Tamil']",1,3.166833042,1
EMP0503,6.5,15000,25000,3,2,1,0.5,0.43,1,"['English', 'Hindi', 'Gujarati']",1,4.722955996,0
EMP0402,1.5,8000,1000000,3,600000,2,1,1,1,"['English', 'Hindi']",1,3.832907785,1
EMP0336,4,15000,25000,5,2,1,,1,-1,[],1,3.166833042,0
EMP0782,3.5,8000,400000,3,,2,1,1,1,"['English', 'Hindi']",1,4.221938523,1
EMP0510,5,5000,400000,3,3,1,1,1,1,"['English', 'Hindi', 'Bengali']",1,3.166833042,0
EMP0185,9,15000,1000000,3,2,3,1,0.43,1,"['English', 'Hindi', 'Gujarati']",1,3.555863781,1
EMP0093,1,5000,125000,3,2,3,1,1,1,"['English', 'Hindi']",1,3.177710258,0
EMP0766,,15000,1200000,5,,3,,0,-1,[],1,3.166833042,1
EMP0565,6,15000,400000,5,1,5,1,1,1,"['English', 'Hindi', 'Telugu']",1,2.849508785,1
EMP0028,2,8000,125000,3,5,4,1,1,1,"['English', 'Hindi']",1,3.832907785,1
EMP0798,,5000,1200000,5,,5,,0,1,"['English', 'Hindi', 'Telugu']",1,2.96149552,0
EMP0269,0,0,0,3,0,4,1,0.08,1,"['English', 'Tamil']",1,2.572464781,0
EMP0817,0,8000,400000,3,,3,,0,1,"['English', 'Hindi', 'Malayalam']",1,2.871263215,0
EMP0295,5,5000,2000000,3,2,3,1,0.43,1,"['English', 'Tamil']",1,3.166833042,0
EMP0225,4,5000,1000000,3,0,2,1,0.08,1,"['English', 'Tamil']",1,3.577618211,1
EMP0027,4,5000,400000,3,6,3,1,1,1,"['English', 'Hindi']",1,3.876416645,1
EMP0178,6,15000,2000000,3,1,3,1,0.08,-1,[],1,2.292206194,1
EMP0303,5,8000,1000000,1,0,2,1,0.43,1,"['English', 'Tamil']",1,2.96149552,0
EMP0553,5,8000,0,1,0,1,1,1,1,"['English', 'Hindi', 'Bengali']",1,3.166833042,0
EMP0891,0,15000,400000,3,,3,,0,1,"['English', 'Hindi', 'Kannada']",1,4.570009406,1
EMP0215,0,0,0,3,1,2,1,0.08,1,"['English', 'Tamil']",1,4.221938523,1
EMP0886,0,5000,400000,3,,3,1,1,1,"['English', 'Hindi', 'Telugu']",1,3.166833042,0
EMP0911,3,15000,1200000,3,,3,1,1,1,"['English', 'Kannada', 'Tamil', 'Telugu']",1,4.221938523,0
EMP0209,1.5,8000,1000000,3,30000,3,1,0.08,1,"['English', 'Malayalam', 'Tamil']",1,4.221938523,0
EMP0791,3.916666667,15000,1200000,5,,3,1,1,1,"['English', 'Hindi']",1,4.610969262,1
EMP0617,6,15000,2000000,5,2,5,1,1,-1,[],1,2.572464781,0
EMP0569,6,15000,125000,5,3,2,1,0.43,1,"['English', 'Hindi']",1,3.166833042,1
EMP0681,1.5,8000,400000,3,2,3,1,0.43,1,"['English', 'Hindi', 'Marathi']",-1,3.166833042,0
EMP0260,4,8000,2000000,1,0,1,1,1,1,"['English', 'Tamil']",1,3.843785,0
EMP0419,2,5000,125000,3,0,3,1,0.43,-1,[],1,3.238539523,1
EMP0343,5.9,15000,2000000,5,1,5,,0.03,-1,[],-1,3.166833042,1
EMP0159,1.5,2000,2000000,3,0,3,1,1,1,"['English', 'Hindi', 'Punjabi']",1,3.166833042,0
EMP0121,3,5000,2000000,3,1,2,1,1,1,"['English', 'Hindi']",1,3.555863781,0
EMP0002,8,8000,1000000,5,0,4,1,1,-1,[],0,3.166833042,1
EMP0385,4,15000,2000000,1,2,1,1,0.43,1,"['English', 'Hindi', 'Assamese', 'Bengali']",1,3.238539523,0
EMP0086,2,15000,2000000,3,4,4,1,0.43,1,"['English', 'Hindi', 'Telugu']",1,3.627570262,0
EMP0113,7,5000,25000,3,500000,3,1,1,1,"['English', 'Hindi']",1,3.832907785,0
EMP0145,10,15000,2000000,3,1,1,1,1,1,"['English', 'Hindi']",1,2.183434043,1
EMP0836,9,5000,1200000,1,,2,1,1,-1,[],1,3.832907785,1
EMP0035,2,0,25000,5,3,0,1,0.43,-1,[],1,2.572464781,1
EMP0734,,15000,400000,3,,3,,0,1,"['English', 'Hindi']",1,2.237820118,1
EMP0250,6,8000,400000,3,1,5,1,1,-1,[],1,3.610249856,0
EMP0302,8,2000,25000,3,2,3,1,0.43,1,"['English', 'Tamil']",1,3.238539523,0
EMP0130,4,0,0,5,2,3,1,1,1,"['English', 'Hindi', 'Arabic', 'Urdu']",1,3.555863781,0
EMP0546,2,8000,125000,3,1,4,1,1,1,"['English', 'Hindi', 'Punjabi']",-1,3.555863781,1
EMP0305,7,5000,25000,3,1,2,1,1,1,"['English', 'Tamil']",1,3.832907785,1
EMP0344,31032023,5000,1000000,3,0,3,1,1,1,"['English', 'Hindi', 'Marathi']",1,5,1
EMP0016,6,15000,2000000,3,1,1,1,1,1,"['English', 'Telugu']",1,2.96149552,1
EMP0789,,15000,1200000,3,,2,,0,1,"['English', 'Telugu']",1,3.832907785,1
EMP0671,0,0,25000,1,1,2,1,0.43,1,"['English', 'Hindi']",1,2.96149552,0
EMP0787,,5000,1200000,5,,2,,0,0,['English'],1,3.166833042,1
EMP0457,5,5000,2000000,5,4,2,1,1,1,"['English', 'Hindi', 'Punjabi']",1,4.221938523,0
EMP0065,4,15000,125000,1,2,1,1,0.43,1,"['English', 'Hindi']",1,4.01015781,0
EMP0103,10,15000,400000,5,0,4,1,0.43,-1,[],-1,3.555863781,1
EMP0837,,15000,1200000,1,,2,,0,1,"['English', 'Hindi', 'Kannada', 'Telugu']",1,3.555863781,1
EMP0375,3,5000,2000000,5,2,3,1,1,1,"['English', 'Hindi', 'Kannada']",1,3.166833042,0
EMP0567,0,0,0,5,2,3,1,1,1,"['English', 'Hindi', 'Kannada']",1,3.166833042,0
EMP0278,7,15000,1000000,1,1,2,1,0.08,1,"['English', 'Tamil']",1,3.177710258,1
EMP0374,8,8000,2000000,5,2,2,1,1,1,"['English', 'Hindi']",1,3.166833042,1
EMP0218,6,5000,400000,3,1,2,1,1,1,"['English', 'Tamil']",1,4.221938523,0
EMP0884,3.583333333,15000,1200000,5,,3,1,1,-1,[],1,3.832907785,1
EMP0777,,2000,1200000,1,,1,,0,1,"['English', 'Malayalam']",1,3.264727978,0
EMP0238,6,5000,1000000,3,1,3,,0.43,1,"['English', 'Tamil']",1,3.555863781,1
EMP0064,2,5000,400000,3,0,3,1,1,-1,[],1,3.166833042,0
EMP0128,7,5000,1000000,3,2,2,1,1,1,"['English', 'Hindi', 'Bengali']",1,3.832907785,0
EMP0514,12,15000,2000000,1,1,2,1,1,1,"['English', 'Hindi']",1,3.166833042,0
EMP0157,7,15000,2000000,3,1,3,1,1,1,"['English', 'Tamil']",1,2.237820118,0
EMP0517,10,5000,1000000,3,0,4,1,1,1,"['English', 'Hindi', 'Kashmiri', 'Urdu']",1,2.849508785,0
EMP0491,2,5000,0,3,5,4,1,0.03,1,"['English', 'Telugu']",1,3.555863781,1
EMP0870,2.419166667,8000,1200000,5,,2,1,1,-1,[],1,3.166833042,0
EMP0445,6,0,125000,5,2,1,1,0.43,1,"['English', 'Hindi']",1,4.610969262,1
EMP0905,,5000,1200000,3,,0,,0,1,"['English', 'Kannada']",1,2.572464781,1
EMP0362,1,15000,2000000,3,1,2,1,1,1,"['English', 'Hindi']",1,3.166833042,1
EMP0680,6,15000,2000000,3,0,3,1,1,1,"['English', 'Hindi']",1,3.555863781,1
EMP0044,0,0,0,3,2,3,1,1,1,"['English', 'Telugu']",1,4.221938523,1
EMP0396,6.6,15000,25000,3,1,3,1,1,1,"['English', 'Hindi', 'Telugu']",1,2.572464781,0
EMP0252,2,15000,2000000,3,1,4,1,1,1,"['Tamil', 'Telugu']",1,3.199464688,1
EMP0258,2,5000,0,3,2,2,1,1,1,"['English', 'Tamil']",1,3.238539523,0
EMP0772,,0,400000,5,,2,,0,1,"['English', 'Malayalam']",1,4.333925258,0
EMP0276,2,5000,125000,3,0,4,1,0.08,-1,[],1,3.166833042,0
EMP0246,5,5000,2000000,3,1,2,1,0.43,1,"['English', 'Tamil']",1,2.583341996,0
EMP0591,7,15000,2000000,3,0,5,1,0.43,1,"['English', 'Hindi']",1,3.553978761,0
EMP0026,3,5000,2000000,3,1,1,1,1,1,"['English', 'Hindi']",1,3.166833042,1
EMP0289,6,0,0,5,2,2,1,1,-1,[],0,1,0
EMP0857,2,5000,1200000,5,,4,1,1,1,"['English', 'Hindi', 'Kannada']",1,4.610969262,0
EMP0243,2,15000,2000000,3,10000,3,1,0.08,1,"['English', 'Tamil']",1,3.166833042,0
EMP0425,1.5,5000,1000000,3,1,3,1,1,1,"['English', 'Hindi', 'Telugu']",1,2.583341996,1
EMP0486,3,5000,2000000,3,1,2,1,0.43,-1,[],1,2.183434043,1
EMP0193,7,15000,2000000,5,1,2,1,1,1,"['English', 'Tamil']",1,3.627570262,1
EMP0328,4,15000,2000000,3,1,3,1,1,1,"['English', 'Hindi']",1,3.832907785,1
EMP0839,,15000,1200000,3,,0,,0,-1,[],-1,3.577618211,0
EMP0381,3,0,25000,1,15000,1,1,1,1,"['English', 'Hindi']",1,3.932132285,0
EMP0459,5,8000,400000,3,1,3,1,1,1,"['English', 'Hindi', 'Marathi']",1,4.221938523,1
EMP0259,4,15000,2000000,1,1,2,1,0.43,1,"['English', 'Tamil']",1,2.572464781,0
EMP0237,1,0,1000000,3,2,3,1,0.43,1,"['English', 'Tamil']",1,3.166833042,1
EMP0844,,8000,1200000,5,,0,,0,1,"['English', 'Hindi', 'Punjabi']",1,3.832907785,0
EMP0129,0,0,0,3,1,3,1,0.43,-1,[],1,2.96149552,0
EMP0584,10,8000,2000000,5,1,3,1,0.43,-1,[],1,2.572464781,0
EMP0389,2,8000,2000000,3,1,2,1,0.03,1,"['English', 'Hindi', 'Marathi']",1,3.555863781,1
EMP0824,0,8000,400000,1,,2,1,1,-1,[],1,3.832907785,0
EMP0833,,15000,25000,5,,3,,0,1,"['English', 'Kannada', 'Tamil', 'Telugu']",1,2.183434043,0
EMP0009,13,8000,2000000,1,1,2,1,1,-1,[],1,3.947443525,0
EMP0566,2,8000,1000000,3,1,1,1,1,-1,[],1,3.166833042,0
EMP0203,3,5000,2000000,3,1,2,1,1,1,"['English', 'Tamil']",1,3.166833042,1
EMP0456,0.4,5000,1000000,5,1,3,1,0.43,1,"['English', 'Hindi']",1,3.86553943,0
EMP0041,8,15000,125000,5,0,4,1,0.43,1,"['English', 'Hindi', 'Telugu']",1,2.936526506,1
EMP0854,6,15000,400000,3,,3,1,1,-1,[],1,2.183434043,0
EMP0843,,15000,1200000,3,,2,,0,-1,[],1,2.183434043,1
EMP0701,1,2000,125000,5,3,0,1,1,1,"['English', 'Hindi', 'Telugu']",1,4.221938523,1
EMP0126,7,15000,2000000,5,50000,1,1,0.43,-1,[],-1,3.242973548,0
EMP0574,10,15000,400000,5,2,3,1,0.43,1,"['English', 'Hindi', 'Bengali']",1,2.183434043,0
EMP0490,4,15000,2000000,5,2,1,1,1,0,['Hindi'],1,2.605096427,0
EMP0892,0,15000,1200000,3,,1,,0,-1,[],1,3.166833042,0
EMP0094,2,8000,400000,1,1,2,1,1,1,"['English', 'Hindi', 'Marathi']",1,2.594219211,1
EMP0471,4,5000,125000,3,1,2,1,1,1,"['English', 'Hindi', 'Malayalam', 'Tamil']",1,2.572464781,0
EMP0075,14,5000,125000,5,0,5,1,1,1,"['English', 'Hindi', 'Malayalam']",1,3.621127072,0
EMP0558,3,5000,1000000,5,4,4,1,0.43,1,"['English', 'Hindi']",1,3.832907785,0
EMP0340,3,15000,0,3,1,1,1,0.43,1,"['English', 'Hindi']",1,2.183434043,0
EMP0175,16,5000,0,3,0,3,1,1,1,"['English', 'Hindi']",1,3.166833042,1
EMP0610,9,15000,1000000,5,0,5,1,1,-1,[],1,3.166833042,0
EMP0726,,5000,400000,5,,5,,0,1,"['English', 'Marathi']",1,3.166833042,0
EMP0240,2,5000,2000000,1,1,0,1,0.08,1,"['English', 'Tamil']",1,3.638447477,0
EMP0364,2,0,2000000,3,1,2,1,1,1,"['English', 'Tamil', 'Telugu']",1,3.188587473,0
EMP0880,7.666666667,2000,25000,1,,1,1,1,1,"['English', 'Hindi', 'Tamil']",1,3.566740996,1
EMP0885,6.333333333,15000,1200000,5,,5,1,1,1,"['English', 'Hindi']",1,3.166833042,1
EMP0154,6,15000,125000,3,2,2,1,0.43,-1,[],-1,3.166833042,1
EMP0484,4,8000,1000000,3,1,2,1,1,1,"['English', 'Malayalam', 'Tamil']",1,2.194311258,0
EMP0894,3.833333333,8000,1200000,5,,3,1,0.43,0,['English'],1,3.166833042,1
EMP0383,5,15000,2000000,1,0,1,1,1,1,"['English', 'Hindi', 'Marathi']",1,3.166833042,1
EMP0173,10,5000,25000,3,10000,4,,0.43,1,"['English', 'Hindi']",1,3.871303019,0
EMP0790,6.583333333,15000,1200000,3,,3,1,1,1,"['English', 'Hindi']",1,3.555863781,1
EMP0797,3.416666667,5000,1200000,3,,3,1,0.43,1,"['English', 'Hindi', 'Telugu']",1,3.843785,0
EMP0611,3.5,5000,125000,5,500000,3,1,1,1,"['English', 'Hindi', 'Marathi']",1,3.952557151,1
EMP0017,6,2000,2000000,3,3,2,1,0.43,1,"['English', 'Hindi', 'Punjabi']",1,4.254570168,0
EMP0101,6,8000,25000,5,3,5,1,1,1,"['English', 'Telugu']",1,2.572464781,0
EMP0718,,8000,1200000,3,,2,,0,-1,[],1,2.194311258,0
,1,15000,0,5,60000,2,1,1,1,"['English', 'Tamil']",1,3.555863781,1
EMP0308,4,5000,2000000,3,2,2,1,0.08,-1,[],0,3.166833042,1
EMP0307,8,15000,2000000,5,1,4,1,0.43,1,"['English', 'Tamil']",1,3.832907785,0
EMP0405,5,8000,400000,5,1,4,1,1,1,"['English', 'Hindi']",1,3.166833042,0
EMP0391,3.4,5000,125000,3,2,0,1,1,1,"['English', 'Hindi', 'Gujarati', 'Marathi']",1,2.237820118,0
EMP0135,1,15000,400000,3,2,4,1,0.08,-1,[],1,2.849508785,0
EMP0825,3.5,5000,1200000,1,,2,1,1,1,"['English', 'Hindi']",1,3.555863781,0
EMP0151,3,5000,2000000,1,0,2,1,1,1,"['English', 'Tamil']",1,3.166833042,0
EMP0737,,0,0,5,,5,,0,1,"['English', 'Hindi']",0,4.610969262,1
EMP0704,5,8000,1000000,1,1,1,1,0.03,1,"['English', 'Hindi', 'Gujarati']",1,2.572464781,1
EMP0831,5.633333333,0,1200000,5,,2,1,1,1,"['English', 'Hindi', 'Urdu']",1,3.166833042,0
EMP0453,2,5000,25000,3,1,3,1,0.43,1,"['English', 'Hindi', 'Urdu']",1,3.555863781,0
EMP0309,3,15000,400000,3,1,2,1,1,1,"['English', 'Tamil']",1,4.221938523,0
EMP0382,5,15000,1000000,5,2,3,1,1,-1,[],1,2.572464781,1
EMP0134,12,8000,2000000,3,1,3,1,1,1,"['English', 'Hindi']",1,3.199464688,1
EMP0081,2,0,0,5,0,3,1,0.43,-1,[],1,3.238539523,0
EMP0060,1,5000,400000,3,25000,2,1,1,1,"['English', 'Hindi', 'Malayalam']",1,4.333925258,0
EMP0350,6,5000,2000000,1,0,2,1,1,1,"['English', 'Hindi']",1,3.166833042,0
EMP0163,4,15000,1000000,5,100,3,1,1,-1,[],1,2.583341996,0
EMP0632,8,15000,125000,3,1,3,1,0.43,1,"['English', 'Hindi']",1,3.553978761,1
EMP0815,2,15000,400000,5,,0,1,1,1,"['English', 'Hindi']",1,3.166833042,0
EMP0590,5,15000,2000000,5,1,3,1,0.43,1,"['English', 'Hindi']",1,1,1
EMP0095,2,15000,400000,5,1,1,1,1,1,"['English', 'Hindi', 'Punjabi']",1,4.610969262,0
EMP0195,0,0,0,3,2,2,1,0.43,1,['Tamil'],1,3.166833042,0
EMP0898,0,15000,1200000,3,,3,1,1,1,"['English', 'Hindi', 'Kannada']",1,2.583341996,0
EMP0211,7,5000,125000,5,2,5,1,1,1,['English'],1,2.183434043,0
EMP0643,15,5000,2000000,3,0,4,1,1,1,"['English', 'Hindi', 'Marathi']",1,3.627570262,1
EMP0909,0,5000,1200000,1,,1,,0,1,"['English', 'Hindi', 'Telugu']",1,3.832907785,0
EMP0715,4,2000,1200000,5,,5,1,1,1,"['English', 'Hindi']",1,3.577618211,0
EMP0748,,15000,25000,5,,4,,0,-1,[],1,3.932132285,1
EMP0155,4,15000,25000,5,1,4,1,1,1,"['English', 'Hindi']",1,4.221938523,0
EMP0716,,5000,400000,3,,1,,0,1,"['English', 'Hindi']",1,2.572464781,0
EMP0057,2,2000,400000,5,0,5,1,1,1,"['English', 'Hindi']",1,3.166833042,0
EMP0794,0,0,1200000,1,,0,1,1,1,"['English', 'Hindi', 'Punjabi']",1,3.832907785,0
EMP0699,6,15000,1000000,1,0,2,1,1,1,"['English', 'Hindi', 'Bengali']",1,2.96149552,0
EMP0033,4,15000,125000,3,200000,1,1,1,1,"['English', 'Hindi']",1,2.572464781,0
EMP0930,0,15000,1200000,5,,4,,0,-1,[],-1,3.555863781,0
EMP0037,3,5000,25000,5,3,4,1,1,-1,[],1,3.832907785,0
EMP0384,5,15000,400000,3,0,5,1,1,1,"['English', 'Hindi', 'Urdu']",1,2.183434043,1
EMP0196,10,15000,2000000,5,3,5,1,1,1,['Tamil'],1,3.947443525,0
EMP0141,5,15000,2000000,3,2,4,1,1,1,"['English', 'Hindi']",1,3.166833042,1
EMP0228,7,5000,2000000,3,1,3,1,0.43,1,"['English', 'Tamil']",1,3.166833042,0
EMP0132,7,15000,400000,3,2,1,1,1,1,"['English', 'Hindi', 'Telugu']",1,3.86553943,1
EMP0765,,2000,0,3,,1,,0,-1,[],1,2.936526506,0
EMP0137,10,0,2000000,3,1,2,1,1,1,"['English', 'Hindi']",1,2.183434043,0
EMP0518,4,8000,0,3,2,2,1,1,1,"['English', 'Hindi', 'Gujarati']",1,2.183434043,0
EMP0700,18,15000,2000000,3,0,2,1,1,1,"['English', 'Hindi', 'Bengali']",1,4.221938523,1
EMP0210,0,0,0,3,2,3,1,0.43,1,"['English', 'Tamil']",1,3.242973548,0
EMP0922,,5000,1200000,3,,2,,0,-1,[],0,2.183434043,0
EMP0865,0,15000,400000,5,,4,,0,-1,[],1,2.605096427,0
EMP0488,8,5000,25000,3,1,2,1,0.43,1,"['English', 'Hindi', 'Marathi']",1,3.166833042,0
EMP0187,3,15000,400000,3,2,2,1,1,1,"['English', 'Tamil']",1,2.594219211,1
EMP0205,1.5,15000,400000,3,1,3,1,0.43,-1,[],1,2.572464781,0
EMP0073,3,5000,1000000,3,2,1,1,1,1,"['English', 'Malayalam']",1,3.621127072,0
EMP0816,4.916666667,15000,1200000,5,,0,1,1,1,"['English', 'Hindi']",1,3.832907785,1
EMP0216,1,8000,125000,3,2,0,1,1,-1,[],-1,2.183434043,0
EMP0928,7,15000,1200000,3,,2,,0,1,"['English', 'Hindi', 'Telugu']",1,3.166833042,1
EMP0045,1,5000,0,5,3,2,1,1,1,"['English', 'Hindi', 'Telugu']",1,3.166833042,0
EMP0231,7,8000,400000,3,2,4,1,0.43,1,"['English', 'Tamil']",1,3.166833042,0
EMP0682,4,8000,400000,3,2,0,1,0.43,1,"['English', 'Hindi', 'Marathi']",1,3.638447477,1
EMP0030,4,5000,125000,1,1,1,1,0.43,1,"['English', 'Hindi', 'Marathi']",1,3.188587473,0
EMP0433,2,5000,1000000,3,1,2,1,0.43,1,"['English', 'Hindi', 'Marathi']",1,3.566740996,1
EMP0795,,2000,400000,3,,2,,0,1,"['English', 'Hindi', 'Telugu']",1,3.166833042,0
EMP0808,4.25,15000,1200000,1,,0,,0,1,"['English', 'Hindi']",1,3.166833042,0
EMP0507,8,2000,125000,5,3,2,1,1,1,"['English', 'Hindi', 'Gujarati']",1,2.194311258,0
EMP0077,2,15000,1000000,3,0,3,1,1,1,"['English', 'Hindi']",1,3.166833042,1
EMP0860,5,2000,1200000,5,,3,1,1,1,"['English', 'Hindi', 'Telugu']",1,3.166833042,0
EMP0320,2,5000,125000,3,2,0,1,0.43,1,"['English', 'Tamil']",1,3.871303019,0
EMP0082,5,5000,2000000,3,1,2,1,1,1,"['English', 'Hindi', 'Marathi']",1,3.555863781,0
EMP0690,2.5,2000,125000,1,1,0,1,0.43,-1,[],1,3.843785,1
EMP0153,10,15000,2000000,3,1,2,1,1,1,"['English', 'Tamil']",1,3.952557151,0
EMP0254,4,8000,400000,5,2,3,1,1,1,"['English', 'Tamil']",1,4.254570168,0
EMP0914,2,5000,400000,3,,1,1,1,1,"['English', 'Kannada']",1,2.572464781,0
EMP0067,6,15000,1000000,3,2,2,1,0.43,0,['English'],1,2.194311258,0
EMP0555,2,5000,2000000,3,2,0,1,1,1,"['English', 'Hindi', 'Marathi']",1,3.555863781,0
EMP0621,2,8000,2000000,3,2,4,1,0.43,1,"['English', 'Hindi', 'Malayalam', 'Tamil', 'Telugu']",1,3.166833042,0
EMP0731,,15000,1200000,3,,3,,0,1,"['English', 'Hindi', 'Kannada', 'Telugu']",1,3.832907785,0
EMP0434,6,5000,2000000,1,0,1,1,1,1,"['English', 'Hindi', 'Telugu']",1,3.166833042,1
EMP0730,0,15000,1200000,5,,4,,0,1,"['English', 'Hindi']",1,2.237820118,0
EMP0540,5,15000,400000,3,1,1,1,0.43,1,"['English', 'Hindi', 'Punjabi']",1,2.849508785,0
EMP0423,4.5,5000,2000000,3,2,3,1,0.43,1,"['English', 'Hindi']",1,3.555863781,0
EMP0366,1.5,8000,400000,3,1,0,1,1,1,"['English', 'Hindi', 'Gujarati']",1,3.166833042,0
EMP0888,0,0,0,5,,5,1,1,-1,[],1,4.610969262,0
EMP0357,1,0,1000000,1,2,0,1,1,-1,[],1,2.572464781,1
EMP0279,6,5000,1000000,3,3,3,1,0.08,1,"['English', 'Tamil']",1,3.166833042,0
EMP0630,3,2000,400000,5,1,5,1,0.43,1,"['English', 'Telugu']",1,3.555863781,1
EMP0052,4.5,15000,125000,5,3,4,1,0.43,1,"['English', 'Tamil']",1,4.221938523,1
EMP0072,9,5000,0,5,1,4,1,1,0,['English'],-1,2.572464781,0
EMP0829,2,5000,400000,5,,3,1,1,1,"['English', 'Hindi']",1,3.199464688,1
EMP0644,1,0,0,1,1,0,1,1,1,"['English', 'Hindi', 'Gujarati']",1,3.238539523,0
EMP0399,10,15000,2000000,3,2,2,1,1,-1,[],1,4.333925258,1
EMP0450,3,8000,1000000,3,1,2,1,1,-1,[],1,3.166833042,1
EMP0247,2,15000,400000,3,1,3,1,0.43,1,"['English', 'Hindi', 'Marathi']",1,2.583341996,0
EMP0735,,15000,1200000,3,,0,,0,-1,[],1,3.553978761,0
EMP0127,6,15000,2000000,3,0,2,1,0.43,1,"['English', 'Tamil']",1,3.166833042,1
EMP0560,2,0,125000,3,0,2,1,1,1,"['English', 'Hindi']",1,1,1
EMP0239,8,15000,400000,3,0,3,1,0.43,1,"['English', 'Tamil']",-1,4.610969262,1
EMP0861,4.208333333,5000,400000,5,,2,1,1,-1,[],1,3.166833042,0
EMP0668,6,15000,1000000,5,2,4,1,1,-1,[],1,2.583341996,1
EMP0741,0,15000,1200000,3,,3,1,0.43,1,"['English', 'Hindi', 'Kannada']",1,2.183434043,1
EMP0799,0,5000,400000,5,,2,1,1,1,"['English', 'Hindi', 'Gujarati']",1,3.627570262,0
EMP0139,8,15000,125000,5,2,0,1,1,1,"['English', 'Telugu']",1,3.832907785,1
EMP0494,0,0,0,3,1,3,1,1,-1,[],1,3.577618211,0
EMP0867,5.583333333,15000,1200000,3,,3,1,1,-1,[],1,3.932132285,0
EMP0005,5.5,8000,2000000,1,0,2,1,0.43,1,"['English', 'Tamil']",1,4.221938523,0
EMP0317,4,5000,400000,3,3,2,1,1,1,"['English', 'Tamil']",1,2.572464781,0
EMP0098,5,15000,2000000,5,1,4,1,1,-1,[],1,3.166833042,0
EMP0465,9,5000,2000000,3,1,2,1,1,1,"['English', 'Hindi', 'Marathi']",1,3.832907785,0
EMP0264,3,15000,400000,3,4000,3,1,0.43,1,"['English', 'Tamil']",1,2.96149552,1
EMP0179,10,5000,400000,3,0,2,1,0.43,1,"['English', 'Tamil']",1,2.572464781,0
EMP0534,8,15000,400000,3,4,3,1,1,1,"['English', 'Hindi', 'Telugu']",1,3.555863781,0
EMP0501,9,8000,1000000,3,1,2,1,1,1,"['English', 'Hindi']",1,3.832907785,1
EMP0070,3.5,5000,1000000,3,1,3,1,1,1,"['English', 'Malayalam', 'Tamil']",1,2.183434043,1
EMP0859,0,5000,400000,5,,3,1,1,1,"['English', 'Hindi', 'Telugu']",1,3.947443525,0
EMP0051,7,15000,1000000,5,2,5,1,1,1,"['English', 'Hindi', 'Marathi']",1,3.166833042,1
EMP0014,10,15000,1000000,3,0,4,1,0.43,1,"['English', 'Hindi']",1,3.166833042,1
EMP0506,3,5000,125000,5,2,4,1,1,1,['Telugu'],1,3.86553943,0
EMP0202,3,15000,125000,3,2,3,1,0.08,1,"['English', 'Tamil']",1,2.936526506,1
EMP0784,2.25,15000,25000,1,,1,1,1,1,"['English', 'Hindi']",1,2.183434043,1
EMP0822,3.555555556,15000,400000,5,,0,1,1,1,"['English', 'Hindi']",1,2.183434043,1
EMP0332,2,15000,25000,3,1,2,1,1,-1,[],0,4.221938523,0
EMP0834,3.166666667,15000,400000,5,,2,1,1,-1,[],1,3.242973548,1
EMP0233,1.5,5000,2000000,5,2,5,1,1,1,"['English', 'Tamil']",1,2.183434043,0
EMP0538,7,15000,2000000,1,1,4,1,1,-1,[],0,2.605096427,0
EMP0286,6,15000,2000000,5,2,2,1,1,1,"['English', 'Tamil']",1,3.166833042,0
EMP0059,0,0,0,5,2,4,1,1,1,"['English', 'Tamil']",1,2.594219211,1
EMP0722,,8000,1200000,5,,0,,0,1,"['English', 'Hindi']",1,2.572464781,1
EMP0813,,8000,400000,5,,3,,0,1,"['English', 'Hindi', 'Gujarati']",1,3.621127072,0
EMP0527,4,5000,1000000,5,3,3,1,1,1,"['English', 'Hindi', 'Marathi']",1,3.832907785,0
EMP0830,0,8000,1200000,5,,4,,0,1,"['English', 'Hindi']",1,2.183434043,0
EMP0702,2,2000,1000000,3,2,1,1,1,1,"['English', 'Hindi']",1,3.166833042,0
EMP0257,2,15000,2000000,3,1,3,1,0.43,-1,[],1,3.166833042,0
EMP0756,,15000,400000,5,,5,,0,-1,[],1,3.166833042,0
EMP0904,0,15000,1200000,1,,4,,0,1,"['English', 'Hindi']",1,3.638447477,0
EMP0201,0,0,0,5,1,2,1,0.43,-1,[],1,3.188587473,0
EMP0890,0,15000,25000,5,,2,,0,1,"['English', 'Hindi', 'Telugu']",1,3.566740996,1
EMP0721,0.416666667,2000,1200000,1,,1,1,1,1,"['English', 'Hindi', 'Kannada', 'Tamil', 'Telugu']",1,3.166833042,1
EMP0071,8,15000,2000000,3,1,3,1,1,1,"['English', 'Tamil', 'Telugu']",1,3.166833042,1
EMP0856,,8000,1200000,3,,2,,0,1,"['English', 'Hindi']",1,2.194311258,0
EMP0169,3,15000,2000000,3,2,1,1,1,1,"['English', 'Hindi', 'Tamil', 'Telugu']",1,3.166833042,0
EMP0542,3,15000,2000000,3,10000,1,1,0.03,1,"['English', 'Hindi', 'Malayalam', 'Sanskrit', 'Tamil']",1,3.166833042,0
EMP0788,,15000,1200000,5,,3,,0,1,"['English', 'Hindi']",1,3.871303019,1
EMP0903,,15000,1200000,3,,3,,0,1,"['English', 'Telugu']",1,3.555863781,1
EMP0036,3,15000,2000000,5,300000,1,1,1,1,"['English', 'Hindi']",1,3.843785,1
EMP0031,4,15000,400000,5,3,1,1,1,-1,[],1,3.952557151,1
EMP0298,3,15000,1000000,5,2,4,1,1,1,"['English', 'Tamil']",1,4.254570168,1
EMP0658,1,15000,125000,3,3,0,1,0.43,-1,[],1,2.572464781,0
EMP0306,8,15000,125000,3,2,0,1,1,1,"['English', 'Tamil']",1,2.194311258,1
EMP0623,3,15000,2000000,5,2,3,1,1,1,"['English', 'Hindi', 'Telugu']",1,3.555863781,1
EMP0388,6,5000,1000000,3,1,3,1,1,1,"['English', 'Hindi']",-1,3.166833042,0
EMP0133,10,15000,2000000,3,1,3,1,1,1,"['English', 'Tamil']",1,3.832907785,0
EMP0768,,5000,25000,3,,1,,0,1,"['English', 'Hindi']",1,3.166833042,0
EMP0440,5,15000,1000000,5,3,2,1,1,0,"['English', 'Hindi']",1,2.237820118,0
EMP0707,6,5000,2000000,3,0,3,1,1,1,"['English', 'Hindi', 'Marathi']",1,2.849508785,0
EMP0853,6.75,8000,1200000,3,,2,1,1,1,"['English', 'Hindi', 'Telugu']",1,3.555863781,0
EMP0186,1.5,15000,2000000,3,1,2,1,1,1,"['English', 'Hindi']",1,3.166833042,1
EMP0189,2,8000,400000,5,3,1,1,1,1,"['English', 'Tamil']",1,4.610969262,0
EMP0464,3,2000,400000,5,3,4,0.5,1,1,"['English', 'Hindi']",1,2.572464781,0
EMP0774,,15000,1200000,3,,0,,0,1,"['English', 'Tamil']",-1,3.166833042,1
EMP0581,5,15000,1000000,3,3,2,1,1,-1,[],1,3.555863781,0
EMP0112,10,5000,2000000,1,0,3,1,0.43,1,"['English', 'Hindi']",1,4.221938523,1
EMP0661,7,15000,2000000,5,1,3,1,1,1,"['English', 'Hindi', 'Telugu']",1,2.572464781,1
EMP0821,,5000,1200000,5,,4,,0,-1,[],1,3.199464688,0
EMP0695,3,0,1000000,3,3,0,0.5,1,1,"['English', 'Hindi', 'Punjabi']",1,3.238539523,1
EMP0226,8,8000,25000,3,2,3,1,1,1,"['English', 'Tamil']",1,4.333925258,0
EMP0530,0,0,0,5,2,4,0.5,1,1,"['English', 'Hindi']",1,3.166833042,0
EMP0842,,15000,1200000,5,,3,,0,1,"['English', 'Hindi']",1,2.583341996,1
EMP0929,,8000,1200000,1,,1,,0,1,"['English', 'Hindi', 'Telugu']",1,3.553978761,1
EMP0372,7.3,5000,1000000,3,2,3,1,1,-1,[],1,3.166833042,0
EMP0820,,5000,1200000,3,,0,,0,1,"['English', 'Hindi']",1,1,0
EMP0266,7,15000,125000,3,0,3,1,0.08,1,"['English', 'Tamil']",1,4.610969262,0
EMP0371,5,15000,25000,3,1,3,1,1,1,"['English', 'Hindi']",1,3.166833042,0
EMP0461,2,5000,1000000,5,1,4,1,1,1,"['English', 'Hindi', 'Telugu']",1,2.583341996,0
EMP0190,1,15000,2000000,5,1,4,1,1,1,"['English', 'Tamil']",1,2.183434043,1
EMP0850,4.333333333,0,25000,5,,1,1,0.43,1,"['English', 'Hindi']",1,3.627570262,0
EMP0895,0,8000,25000,3,,3,1,1,1,"['English', 'Hindi', 'Telugu']",1,3.832907785,0
EMP0589,0,0,0,3,2,3,1,1,1,"['English', 'Hindi', 'Marathi']",1,3.577618211,0
EMP0462,3,0,2000000,5,2,2,1,1,1,"['English', 'Telugu']",1,3.932132285,0
EMP0543,2,5000,25000,3,2,3,1,0.43,1,"['English', 'Hindi', 'Gujarati']",1,4.221938523,0
EMP0775,,5000,1200000,3,,4,,0,-1,[],1,2.572464781,1
EMP0489,2.5,5000,125000,3,2,2,0.5,0.43,1,"['English', 'Hindi']",0,3.166833042,0
EMP0285,1,5000,125000,3,2,5,1,0.08,1,"['English', 'Tamil']",1,3.832907785,0
EMP0454,3,5000,0,3,2,2,1,0.43,1,"['English', 'Hindi']",1,2.96149552,1
EMP0262,4,5000,2000000,3,1,3,1,0.43,1,['English'],1,2.572464781,1
EMP0304,3,2000,125000,3,2,0,1,1,1,"['English', 'Tamil']",1,3.555863781,1
EMP0804,0,8000,1200000,3,,2,1,1,1,"['English', 'Hindi', 'Telugu']",1,3.832907785,0
EMP0917,,2000,0,5,,2,,0,1,"['English', 'Hindi', 'Telugu', 'Urdu']",1,2.183434043,0
EMP0634,1,15000,2000000,5,1,4,1,0.43,1,"['English', 'Hindi', 'Telugu']",1,3.947443525,1
EMP0624,6,15000,1000000,3,1,3,1,1,1,"['English', 'Hindi', 'Tamil', 'Telugu']",1,3.166833042,1
EMP0740,5.25,15000,400000,3,,2,1,1,1,"['English', 'Hindi', 'Marathi']",1,3.166833042,0
EMP0780,,15000,1200000,3,,1,,0,1,"['English', 'Tamil']",1,3.86553943,1
EMP0605,5,15000,2000000,3,1,2,1,0.43,1,"['English', 'Hindi', 'Marathi']",1,2.936526506,1
EMP0896,5,2000,400000,1,,0,1,0.43,1,"['English', 'Hindi', 'Gujarati']",1,2.183434043,0
EMP0018,7,8000,1000000,5,1,4,1,1,1,"['English', 'Hindi', 'Punjabi']",1,2.183434043,0
EMP0776,5.5,15000,1200000,3,,2,1,1,1,"['English', 'Telugu']",-1,4.221938523,0
EMP0502,2.5,8000,1000000,3,1,1,1,0.43,1,"['English', 'Hindi', 'Gujarati', 'Marathi']",1,3.242973548,0
EMP0376,3.5,5000,1000000,3,0,4,1,0.43,1,"['English', 'Hindi']",1,2.183434043,0
EMP0063,2,8000,1000000,3,0,3,1,1,-1,[],1,2.605096427,1
EMP0520,6,8000,2000000,5,2,4,1,1,-1,[],1,3.166833042,0
EMP0851,1.5,8000,400000,1,,3,1,1,1,"['English', 'Hindi']",1,2.594219211,0
EMP0451,7,15000,2000000,3,1,2,1,0.43,1,"['English', 'Hindi']",1,2.572464781,0
EMP0424,1,2000,1000000,3,0,4,1,1,1,"['English', 'Hindi']",1,3.621127072,1
EMP0852,0,5000,1200000,5,,2,1,1,1,"['English', 'Hindi']",1,3.832907785,0
EMP0549,4,8000,2000000,3,2,0,1,1,1,"['English', 'Hindi', 'Marathi']",1,2.183434043,1
EMP0277,5,15000,2000000,1,0,2,1,1,1,"['English', 'Tamil']",1,3.166833042,1
EMP0673,3,8000,1000000,5,2,2,1,1,1,"['English', 'Hindi']",1,3.166833042,0
EMP0835,,0,0,5,,5,,0,1,"['English', 'Hindi', 'Malayalam']",1,3.166833042,0
EMP0116,6,2000,25000,5,1,4,1,1,1,"['English', 'Hindi']",1,3.638447477,0
EMP0826,,8000,400000,5,,3,,0,1,"['English', 'Hindi', 'Gujarati']",1,3.188587473,1
EMP0047,3,15000,1000000,5,2,5,1,1,1,"['English', 'Hindi', 'Gujarati']",1,3.566740996,1
EMP0359,4,15000,1000000,5,2,2,,1,1,"['English', 'Hindi']",1,3.166833042,0
EMP0076,1,5000,25000,5,2,2,1,1,1,"['English', 'Hindi', 'Malayalam']",1,3.166833042,0
EMP0664,5,15000,2000000,3,1,4,1,0.43,1,"['English', 'Hindi', 'Kannada', 'Tamil', 'Telugu']",1,2.194311258,0
EMP0029,8,8000,1000000,3,0,2,,1,1,"['English', 'Hindi', 'Marathi']",1,3.166833042,0
EMP0287,2,8000,125000,3,2,4,1,0.08,1,"['English', 'Tamil']",1,3.166833042,0
EMP0579,17,8000,400000,3,0,2,1,0.43,1,"['English', 'Hindi']",1,3.871303019,0
EMP0666,2,5000,2000000,3,1,2,1,1,1,"['English', 'Hindi', 'Telugu']",1,3.555863781,1
EMP0312,4,5000,2000000,3,2,3,1,1,-1,[],1,3.843785,0
EMP0676,0.6,5000,1000000,3,2,3,1,1,1,"['English', 'Hindi']",1,3.952557151,1
EMP0460,2,8000,1000000,5,3,2,1,0.43,1,"['English', 'Hindi', 'Marathi']",1,4.254570168,0
EMP0443,0,0,0,1,1,1,1,0.43,1,"['English', 'Hindi', 'Kannada', 'Telugu']",1,2.572464781,0
EMP0430,2,15000,2000000,5,0,4,1,1,1,"['English', 'Hindi', 'Gujarati']",1,2.194311258,0
EMP0324,1,5000,2000000,5,0,5,1,0.43,-1,[],1,3.555863781,0
EMP0404,0,0,0,1,1,0,1,0.43,1,"['English', 'Tamil', 'Telugu']",1,3.166833042,0
EMP0719,3.5,8000,1200000,5,,5,1,0.43,1,"['English', 'Hindi']",1,3.832907785,0
EMP0653,4,15000,400000,3,1,3,1,1,0,"['English', 'Hindi']",1,3.166833042,0
EMP0747,,15000,1200000,1,,2,,0,1,"['English', 'Hindi', 'Marathi']",1,2.237820118,1
EMP0900,0,15000,1200000,3,,0,1,1,1,"['English', 'Hindi']",1,2.849508785,0
EMP0291,1,2000,400000,1,2,2,1,1,1,"['English', 'Tamil']",1,3.555863781,1
EMP0879,,15000,1200000,5,,4,,0,1,"['English', 'Hindi']",1,3.166833042,1
EMP0449,4,0,2000000,5,2,4,1,1,-1,[],1,4.610969262,0
EMP0156,6,15000,400000,3,0,4,1,1,1,"['English', 'Tamil']",1,2.572464781,0
EMP0219,3,15000,400000,5,1,2,1,0.08,1,"['English', 'Tamil']",1,3.166833042,0
EMP0552,5.5,8000,400000,3,0,3,1,0.43,-1,[],1,3.555863781,0
EMP0796,4.416666667,15000,25000,3,,3,1,1,-1,[],1,4.221938523,1
EMP0171,4,5000,2000000,3,2,2,1,1,1,"['English', 'Tamil']",1,2.572464781,1
EMP0614,15,5000,25000,5,5,2,1,1,1,"['English', 'Hindi', 'Telugu']",1,3.199464688,0
EMP0883,2,8000,400000,3,,1,1,1,1,"['English', 'Malayalam', 'Tamil']",1,3.238539523,0
EMP0165,15,15000,2000000,5,1,3,1,1,1,"['English', 'Hindi', 'Tamil', 'Telugu']",1,4.333925258,0
EMP0078,2.5,5000,1000000,3,30000,2,1,1,-1,[],1,3.166833042,1
EMP0392,12,5000,2000000,5,0,3,1,0.43,1,"['English', 'Hindi', 'Nepali', 'Telugu']",1,2.583341996,1
EMP0931,8,15000,1200000,5,,1,1,0.43,1,"['English', 'Tamil']",1,3.553978761,1
EMP0466,3,0,125000,5,4,4,0.5,1,1,"['English', 'Telugu']",1,3.166833042,1
EMP0482,5,5000,0,3,2,2,0.5,1,1,"['English', 'Hindi']",1,1,0
EMP0214,7,5000,2000000,3,1,4,1,1,1,"['English', 'Malayalam', 'Tamil']",1,4.610969262,0
EMP0675,14,5000,1000000,3,0,3,1,1,1,"['English', 'Hindi', 'Bengali']",1,3.166833042,0
EMP0806,0.666666667,0,25000,5,,5,1,1,1,"['English', 'Hindi', 'Punjabi']",1,2.583341996,1
EMP0638,7,15000,400000,3,2,1,1,0.43,-1,[],1,2.183434043,1
EMP0271,0,0,0,5,1,5,1,0.08,-1,[],0,3.627570262,1
EMP0773,,15000,1200000,5,,5,,0,1,"['English', 'Hindi']",1,3.832907785,1
EMP0470,2,5000,1000000,3,1,3,0.5,0.43,1,"['English', 'Hindi']",1,3.577618211,0
EMP0315,6,5000,25000,3,2,3,1,0.08,1,"['English', 'Tamil', 'Telugu']",1,3.932132285,0
EMP0755,3.833333333,8000,400000,1,,1,1,1,1,"['English', 'Hindi']",1,4.221938523,1
EMP0744,3.333333333,15000,1200000,5,,1,1,1,1,"['English', 'Hindi', 'Punjabi']",1,2.572464781,0
EMP0138,1,5000,2000000,3,4,3,1,1,1,"['English', 'Hindi', 'Telugu']",1,3.166833042,0
EMP0913,7.166666667,2000,400000,1,,1,1,1,1,"['English', 'Hindi', 'Telugu']",1,3.832907785,1
EMP0463,3,0,2000000,3,1,1,1,1,1,"['English', 'Telugu']",1,2.96149552,1
EMP0263,4,15000,400000,5,4,2,1,0.43,1,"['English', 'Tamil']",1,2.572464781,0
EMP0648,3,0,400000,3,2,2,1,0.43,1,"['English', 'Hindi', 'Punjabi']",1,3.555863781,0
EMP0717,,15000,125000,5,,2,,0,-1,[],1,3.832907785,0
EMP0509,1,5000,1000000,3,1,2,1,1,-1,[],1,2.183434043,1
EMP0513,7,8000,2000000,5,7,5,1,0.08,-1,[],1,3.947443525,0
EMP0378,5,15000,1000000,3,0,3,,1,1,"['English', 'Hindi']",1,3.166833042,1
EMP0743,0,15000,0,3,,4,1,1,1,"['English', 'Hindi']",1,3.166833042,0
EMP0601,3,15000,1000000,5,4,2,1,0.43,-1,[],1,3.86553943,1
EMP0770,,5000,125000,5,,4,,0,1,"['English', 'Hindi', 'Telugu']",1,2.936526506,0
EMP0633,4,5000,125000,5,2,0,1,1,0,['English'],1,2.183434043,1
EMP0657,2,0,1000000,3,3,2,1,1,1,"['English', 'Hindi']",1,2.183434043,0
EMP0293,6,8000,2000000,5,1,5,1,0.43,1,"['English', 'Tamil']",1,4.221938523,0
EMP0089,6,15000,1000000,3,1,0,1,1,1,"['English', 'Hindi', 'Telugu']",1,3.242973548,1
EMP0650,15,15000,1000000,1,1,1,1,1,1,"['English', 'Hindi', 'Marathi']",1,2.183434043,0
EMP0480,4.6,15000,400000,3,1,3,1,0.43,1,"['English', 'Hindi', 'Telugu']",1,2.605096427,0
EMP0866,,2000,1200000,5,,5,,0,1,"['English', 'Hindi']",-1,3.166833042,0
EMP0397,2,15000,125000,3,1,2,1,1,1,"['English', 'Hindi']",1,2.594219211,1
EMP0556,4,5000,400000,5,1,4,1,0.43,1,"['English', 'Hindi', 'Marathi', 'Telugu']",1,2.572464781,1
EMP0692,3,8000,1000000,5,150000,0,1,1,1,"['English', 'Hindi']",1,3.621127072,1
EMP0629,6,8000,1000000,1,1,1,1,1,1,"['English', 'Hindi', 'Assamese', 'Bengali']",1,3.832907785,0
EMP0932,,15000,400000,3,,2,,0,-1,[],0,2.183434043,0
EMP0253,2,5000,0,5,0,4,1,0.43,1,"['English', 'Tamil']",1,3.166833042,1
EMP0810,0,15000,1200000,3,,0,,0,1,"['English', 'Hindi']",1,3.166833042,0
EMP0586,4.5,15000,2000000,5,4,2,1,1,1,"['English', 'Hindi', 'Kannada', 'Marathi']",1,3.166833042,0
EMP0525,5,5000,400000,5,2,2,1,1,1,"['English', 'Hindi']",1,3.638447477,1
EMP0280,4,15000,2000000,3,1,4,1,0.43,1,"['English', 'Hindi', 'Tamil']",1,3.188587473,1
EMP0906,3.166666667,8000,1200000,3,,2,1,1,1,"['English', 'Kannada']",1,3.566740996,1
EMP0439,2,0,2000000,5,2,2,1,0.43,1,"['English', 'Hindi', 'Marathi']",1,3.166833042,0
EMP0920,,15000,1200000,5,,0,,0,1,"['English', 'Tamil']",1,3.166833042,1
EMP0294,3,2000,25000,3,1,2,1,1,1,"['English', 'Tamil']",1,2.194311258,0
EMP0655,3,5000,400000,5,1,3,1,0.43,1,"['English', 'Hindi']",1,3.166833042,0
EMP0161,4,15000,25000,3,2,4,1,0.08,1,"['English', 'Tamil']",1,3.166833042,0
EMP0598,6,5000,400000,3,2,2,1,1,1,"['English', 'Telugu']",1,3.871303019,1
EMP0652,2,5000,1000000,5,2,4,1,0.43,1,"['English', 'Hindi', 'Kannada', 'Marathi']",1,3.555863781,0
EMP0096,3,15000,1000000,1,1,1,1,1,1,"['English', 'Hindi', 'Bengali']",1,3.843785,1
EMP0020,2,15000,2000000,3,1,4,1,1,1,"['English', 'Tamil']",1,3.952557151,1
EMP0327,5,8000,400000,3,0,3,1,1,1,"['English', 'Hindi', 'Marathi']",1,4.254570168,0
EMP0573,6,8000,125000,3,4,0,1,1,1,"['English', 'Hindi', 'Assamese']",1,2.572464781,0
EMP0908,3,8000,1200000,3,,2,,0,1,"['English', 'Hindi', 'Telugu']",1,2.194311258,0
EMP0539,0,0,0,3,0,2,1,1,-1,[],1,3.555863781,0
EMP0803,0,0,400000,5,,4,,0,-1,[],1,3.166833042,0
EMP0492,4.8,8000,2000000,1,1,2,1,0.43,-1,[],1,3.832907785,0
EMP0390,0,0,0,5,4,0,1,1,1,"['English', 'Hindi']",1,3.166833042,1
EMP0711,0,15000,1200000,3,,2,,0,1,"['English', 'Hindi']",1,2.237820118,0
EMP0478,3,15000,400000,3,1,3,1,1,1,"['English', 'Hindi', 'Gujarati']",1,2.849508785,1
EMP0221,8,5000,2000000,5,4,3,1,0.43,-1,[],1,3.555863781,1
EMP0759,0,15000,1200000,3,,3,,0,1,"['English', 'Hindi']",1,3.166833042,0
EMP0508,15,5000,1000000,5,2,3,1,0.43,1,['Punjabi'],1,4.610969262,1
EMP0500,6,15000,2000000,3,1,3,1,0.43,1,"['English', 'Telugu']",1,2.572464781,1
EMP0325,4,15000,2000000,5,5,0,1,1,1,"['English', 'Hindi']",1,3.166833042,1
EMP0318,4,15000,2000000,3,1,2,1,1,1,"['English', 'Tamil']",1,3.555863781,1
EMP0651,9,2000,1000000,5,1,3,1,0.43,1,"['English', 'Telugu']",1,4.221938523,1
EMP0379,1,5000,25000,3,0,4,1,1,1,"['English', 'Hindi', 'Kannada']",1,2.572464781,0
EMP0706,0,0,0,5,0,3,1,0.43,1,"['English', 'Hindi']",1,3.199464688,0
EMP0875,,15000,400000,5,,2,,0,1,"['English', 'Hindi', 'Punjabi']",1,3.238539523,0
EMP0738,,15000,400000,5,,2,,0,1,"['English', 'Hindi', 'Gujarati']",1,4.333925258,0
EMP0627,1,8000,2000000,5,300000,2,1,0.43,1,"['English', 'Hindi', 'Kannada']",1,3.166833042,1
EMP0622,0,0,0,5,20000,3,1,1,1,['Punjabi'],1,2.583341996,0
EMP0353,7,5000,400000,3,1,2,1,1,1,"['English', 'Hindi']",1,3.553978761,1
EMP0354,0.6,2000,0,3,1,2,1,1,1,"['English', 'Hindi']",1,3.166833042,0
EMP0085,1.4,15000,2000000,3,1,0,1,0.43,1,"['English', 'Hindi', 'Marathi']",-1,1,1
EMP0346,4,5000,1000000,3,1,4,1,1,1,"['English', 'Hindi', 'Bengali']",1,4.610969262,0
EMP0444,3,15000,1000000,3,1,3,1,1,1,"['English', 'Hindi', 'Telugu']",1,3.166833042,1
EMP0177,4,15000,2000000,5,2,3,1,1,1,"['English', 'Hindi']",1,2.583341996,0
EMP0413,3,8000,25000,3,1,2,,1,1,"['English', 'Telugu']",1,2.183434043,0
EMP0742,,15000,1200000,5,,3,,0,1,"['English', 'Hindi', 'Kannada', 'Tamil']",1,3.627570262,1
EMP0046,8,5000,125000,3,1,2,1,1,1,"['English', 'Hindi', 'Arabic', 'Telugu']",1,3.832907785,1
EMP0212,7,8000,400000,3,1,3,1,0.08,1,['Tamil'],1,3.577618211,0
EMP0411,5,15000,125000,5,4,1,1,1,1,"['English', 'Hindi']",1,3.932132285,0
EMP0764,,2000,0,3,,3,,0,1,"['English', 'Hindi']",1,4.221938523,0
EMP0109,1,5000,400000,1,4,2,1,1,1,"['English', 'Telugu']",1,2.572464781,1
EMP0887,0,5000,1200000,5,,4,1,0.43,-1,[],1,3.166833042,0
EMP0873,,2000,0,5,,0,,0,1,['Hindi'],0,3.832907785,0
EMP0519,10,15000,2000000,5,1,3,1,1,1,"['English', 'Telugu']",1,2.96149552,1
EMP0872,3.25,5000,1200000,3,,0,,0,1,"['English', 'Hindi']",1,2.572464781,1
EMP0275,2,15000,2000000,3,20,2,1,1,1,"['English', 'Tamil']",1,3.555863781,0
EMP0458,8,15000,2000000,3,4,4,1,1,1,"['English', 'Hindi', 'Telugu']",1,3.832907785,1
EMP0172,8,5000,25000,3,0,3,1,1,1,"['English', 'Tamil']",1,2.183434043,0
EMP0042,2,5000,1000000,5,40000,3,1,0.43,-1,[],1,3.947443525,1
EMP0255,6,15000,400000,5,2,2,1,1,1,['Tamil'],1,3.166833042,0
EMP0232,4,5000,1000000,3,0,2,1,0.08,1,"['English', 'Hindi', 'Tamil', 'Urdu']",1,3.166833042,1
EMP0142,1.2,8000,1000000,1,1,2,1,1,1,"['English', 'Hindi', 'Gujarati']",1,3.86553943,0
EMP0436,3,5000,1000000,5,8,5,1,0.03,1,"['English', 'Hindi']",1,2.936526506,0
EMP0204,6.2,2000,0,5,30000,3,1,0.08,-1,[],1,2.183434043,1
EMP0724,0,0,1200000,5,,0,,0,1,"['English', 'Hindi']",1,2.183434043,0
EMP0420,3,5000,1000000,3,1,3,1,1,1,"['English', 'Hindi', 'Punjabi']",1,4.221938523,0
EMP0158,7,15000,400000,3,1,3,1,1,-1,[],1,3.242973548,1
EMP0532,6.5,15000,2000000,5,1,5,1,1,1,"['English', 'Hindi', 'Kannada']",1,2.183434043,0
EMP0585,6,15000,2000000,3,3,1,1,1,-1,[],1,2.605096427,1
EMP0414,13,15000,1000000,3,0,3,,0.03,-1,[],1,3.166833042,0
EMP0703,3,5000,1000000,5,1,4,1,1,1,"['English', 'Hindi']",1,2.594219211,0
EMP0223,11,8000,2000000,5,1,5,1,1,1,"['English', 'Tamil']",-1,2.572464781,1
EMP0528,0,0,0,5,2,3,1,1,1,"['English', 'Hindi']",1,3.621127072,0
EMP0039,6,15000,1000000,5,3,0,,1,1,"['English', 'Hindi']",1,3.832907785,0
EMP0184,4,5000,400000,3,2,2,1,1,-1,[],1,2.183434043,0
EMP0496,3.6,8000,1000000,1,2,2,1,0.43,1,"['English', 'Telugu']",1,3.166833042,0
EMP0123,3,8000,125000,3,1,2,1,0.43,0,"['English', 'Hindi']",1,3.166833042,0
EMP0108,1.5,15000,2000000,3,0,4,1,0.43,1,"['English', 'Tamil', 'Telugu']",1,3.166833042,1
EMP0270,1,15000,1000000,5,2,5,1,0.08,1,"['English', 'Tamil', 'Telugu']",1,3.638447477,0
EMP0066,5,5000,1000000,3,0,3,1,1,-1,[],1,3.188587473,0
EMP0281,4.5,15000,2000000,3,1,3,1,0.43,1,"['English', 'Tamil']",1,3.566740996,1
EMP0720,,15000,25000,5,,5,,0,1,"['English', 'Hindi']",1,3.166833042,1
EMP0167,5,15000,1000000,1,1,2,1,0.43,-1,[],1,3.166833042,1
EMP0497,2,0,1000000,3,1,2,1,1,1,"['English', 'Hindi', 'Telugu']",1,2.194311258,0
EMP0847,2,5000,1200000,5,,0,1,1,1,"['English', 'Hindi']",0,3.166833042,1
EMP0111,2,15000,2000000,3,3,0,1,0.43,1,"['English', 'Hindi']",1,3.166833042,0
EMP0150,5,5000,2000000,3,0,3,1,1,-1,[],1,3.871303019,0
EMP0612,5,8000,400000,3,1,3,1,1,-1,[],1,3.555863781,1
EMP0551,4,15000,2000000,3,4,4,1,1,1,"['English', 'Hindi']",1,3.843785,0
EMP0547,1.01,5000,2000000,5,0,3,1,1,-1,[],1,3.952557151,0
EMP0048,4,2000,400000,3,2,2,1,1,1,"['English', 'Hindi', 'Gujarati']",1,4.254570168,0
EMP0710,3.833333333,15000,1200000,5,,2,1,1,-1,[],1,2.572464781,1
EMP0088,4,8000,400000,5,1,5,1,0.43,1,"['English', 'Hindi', 'Marathi']",1,2.194311258,0
EMP0406,1,8000,2000000,5,2,3,1,1,-1,[],1,3.555863781,0
EMP0916,0,15000,1200000,3,,4,1,1,1,"['English', 'Telugu']",1,3.166833042,1
EMP0561,9,8000,25000,3,2,2,1,1,1,"['English', 'Hindi', 'Maithili']",1,3.832907785,0
EMP0316,4,15000,125000,5,2,5,1,1,1,"['English', 'Tamil']",1,3.166833042,0
EMP0183,5,2000,125000,3,1,2,1,1,1,"['English', 'Hindi']",1,2.237820118,1
EMP0144,1.5,15000,125000,1,1,2,1,1,1,"['English', 'Hindi']",1,2.849508785,1
EMP0356,5,8000,2000000,5,0,5,1,0.43,1,"['English', 'Hindi']",1,3.555863781,1
EMP0244,9,0,125000,1,2,3,1,0.43,1,"['English', 'Tamil']",1,3.166833042,0
EMP0580,3,5000,400000,3,0,2,1,1,1,"['English', 'Hindi', 'Assamese', 'Bengali']",1,4.610969262,0
EMP0004,5,15000,2000000,3,1,4,1,1,1,"['English', 'Hindi']",1,2.572464781,1
EMP0763,0,15000,25000,3,,2,,0,1,"['English', 'Hindi', 'Marathi']",-1,3.166833042,1
EMP0321,5,15000,2000000,3,1,2,1,1,1,"['English', 'Tamil']",-1,3.555863781,1
EMP0474,5,15000,2000000,3,1,3,1,0.43,1,"['English', 'Hindi', 'Kannada']",1,4.221938523,1
